{
  "monte_carlo": {
    "n_samples": 5000,
    "threshold_m": 0.005,
    "mean_displacement_m": 34.48299515953611,
    "median_displacement_m": 30.85108973983236,
    "std_displacement_m": 19.1995198445686,
    "ci_95_m": [
      10.156801208849412,
      84.69372567512428
    ],
    "prob_motion": 1.0
  },
  "sobol": {
    "n_base": 1024,
    "total_evaluations": 5120,
    "var_total": 377.49673570902866,
    "S1": {
      "dam_height": 0.15325271203802218,
      "boulder_mass": 0.3414335037022274,
      "boulder_rot_z": 0.0041326696383911865
    },
    "ST": {
      "dam_height": 0.16075524633289567,
      "boulder_mass": 0.3494402309792342,
      "boulder_rot_z": 0.005471156106469243
    },
    "S1_ci_95": {
      "dam_height": [
        0.06652440275601046,
        0.23647763724147072
      ],
      "boulder_mass": [
        0.19627947693857895,
        0.4841030695802674
      ],
      "boulder_rot_z": [
        -0.011583506654828345,
        0.01999654432408983
      ]
    },
    "ST_ci_95": {
      "dam_height": [
        0.14650161499662126,
        0.17641107950487925
      ],
      "boulder_mass": [
        0.3274129076442678,
        0.3750355128942705
      ],
      "boulder_rot_z": [
        0.004919716080730238,
        0.0060459633420485515
      ]
    }
  },
  "gp_model": {
    "features": [
      "dam_height",
      "boulder_mass",
      "boulder_rot_z"
    ],
    "loo_r2": 0.9932397222173472,
    "loo_rmse": 1.82533187243249,
    "n_real": 0,
    "n_synthetic": 25
  }
}