case_id,dam_height,boulder_mass,boulder_rot_z,friction_coefficient,slope_inv,pred_margin_train_pct_deq,pred_std_pct_deq,u_value,rationale
al3_lowH_m085_mu0572,0.175,0.85,0,0.572,20,1.5411817299722195,1.4972888064788652,1.029314934635454,"mid bracket H=0.175,m*=0.85 between 0.560 F and 0.585 E"
al3_base_m085_mu0800,0.2,0.85,0,0.8,20,0.4659207966194132,1.671349328756539,0.2787692486559785,"mid bracket H=0.200,m*=0.85 between 0.780 F and 0.820 E"
al3_midH_m085_mu0900,0.21,0.85,0,0.9,20,-0.21558822891453655,3.2850411803548507,0.06562725307789993,try upper closure; 0.880 is barely F
al3_midH_m100_mu0755,0.21,1.0,0,0.755,20,-1.036052965475299,1.5350409858581262,0.6749350506074238,"mid bracket H=0.210,m*=1.00 between 0.740 F and 0.770 E"
al3_highH_m100_mu0870,0.225,1.0,0,0.87,20,0.5117366312423508,1.465142395177883,0.3492743319190293,"mid bracket H=0.225,m*=1.00 between 0.860 F and 0.880 E"
al3_highH_m115_mu0760,0.225,1.15,0,0.76,20,2.0224226838088164,2.0492073876826025,0.9869292371110066,"lower/mid bracket H=0.225,m*=1.15 between 0.740 F and 0.800 E"
al3_highH_m115_mu0780,0.225,1.15,0,0.78,20,3.591127459742311,2.0785368179029797,1.7277189553772951,"upper/mid bracket H=0.225,m*=1.15 before 0.800 E"
al3_highH_m125_mu0700,0.225,1.25,0,0.7,20,-4.973072939296826,2.995952213803718,1.6599306612375029,"mid bracket H=0.225,m*=1.25 between 0.660 F and 0.740 E"
