{
  "displacement": {
    "col": "max_displacement_m",
    "unit": "m",
    "is_primary": true,
    "p": 1.6545083777352227,
    "conv_type": "divergent",
    "phi_ext": -0.000737134929457793,
    "e_a21": 1.3395999704385055,
    "e_a32": 0.7141668635615751,
    "e_ext": 3.491179945799417,
    "GCI_fine": 1.7517702563428739,
    "GCI_med": 1.4644683967485927,
    "AR": 0.4274234963898706,
    "in_asymptotic": "False",
    "values": [
      0.0018363357536135218,
      0.004296291074869367,
      0.0073645597967564105,
      0.005966332541855003
    ],
    "dps": [
      0.002,
      0.003,
      0.004,
      0.005
    ]
  },
  "velocity": {
    "col": "max_velocity_ms",
    "unit": "m/s",
    "is_primary": true,
    "p": 4.0,
    "conv_type": "monotonic",
    "phi_ext": 0.06243356807773666,
    "e_a21": 0.43153143192041965,
    "e_a32": 2.0974102845252808e-05,
    "e_ext": 0.11884747108914152,
    "GCI_fine": 0.1327789021293599,
    "GCI_med": 1.2135016646181986e-05,
    "AR": 1.805287049923363e-05,
    "in_asymptotic": "False",
    "values": [
      0.06985363975484742,
      0.09999768094310987,
      0.09999977830475426,
      0.09999977830475426
    ],
    "dps": [
      0.002,
      0.003,
      0.004,
      0.005
    ]
  },
  "sph_force": {
    "col": "max_sph_force_N",
    "unit": "N",
    "is_primary": true,
    "p": 4.0,
    "conv_type": "oscillatory",
    "phi_ext": 8.414068879622496,
    "e_a21": 0.00590810065336429,
    "e_a32": 0.9710710366390467,
    "e_ext": 0.0014521897772290472,
    "GCI_fine": 0.0018178771241120892,
    "GCI_med": 0.5618339569125914,
    "AR": 61.04898156891025,
    "in_asymptotic": "False",
    "values": [
      8.401850054810607,
      8.352211079012312,
      16.462801349736928,
      12.002363171330053
    ],
    "dps": [
      0.002,
      0.003,
      0.004,
      0.005
    ]
  },
  "rotation": {
    "col": "max_rotation_deg",
    "unit": "deg",
    "is_primary": false,
    "p": 4.0,
    "conv_type": "oscillatory",
    "phi_ext": 7.596741455572161,
    "e_a21": 0.26959621862975486,
    "e_a32": 0.030129197387055964,
    "e_ext": 0.0622322785607537,
    "GCI_fine": 0.0829526826553092,
    "GCI_med": 0.017431892773939524,
    "AR": 0.04150965024896136,
    "in_asymptotic": "False",
    "values": [
      7.123978925154969,
      5.203381145335124,
      5.360154842943011,
      4.288410856233305
    ],
    "dps": [
      0.002,
      0.003,
      0.004,
      0.005
    ]
  }
}