{
  "displacement": {
    "col": "max_displacement_m",
    "unit": "m",
    "is_primary": true,
    "p": 4.0,
    "conv_type": "oscillatory",
    "phi_ext": 0.1303313428515685,
    "e_a21": 0.0620444424259399,
    "e_a32": 0.0016161676673985793,
    "e_ext": 0.015042738244674385,
    "GCI_fine": 0.019090597669519968,
    "GCI_med": 0.0009350684361377498,
    "AR": 0.009675175155412922,
    "in_asymptotic": "False",
    "values": [
      0.12837080257597544,
      0.12040610770637863,
      0.120600704164611,
      0.14226021164752975,
      0.1809070438816581,
      0.3932662840595416,
      0.38446164640312297
    ],
    "dps": [
      0.002,
      0.003,
      0.004,
      0.005,
      0.006,
      0.008,
      0.01
    ]
  },
  "velocity": {
    "col": "max_velocity_ms",
    "unit": "m/s",
    "is_primary": true,
    "p": 4.0,
    "conv_type": "oscillatory",
    "phi_ext": 0.14971893679574455,
    "e_a21": 0.03775319928164741,
    "e_a32": 0.1487277620796878,
    "e_ext": 0.009207528766336192,
    "GCI_fine": 0.011616369009737665,
    "GCI_med": 0.08604963377467655,
    "AR": 1.4632333484881912,
    "in_asymptotic": "False",
    "values": [
      0.14834039537833246,
      0.1427400708700959,
      0.1639694821697013,
      0.15658354474848243,
      0.2056068619623382,
      0.39394987630661854,
      0.4274720099386625
    ],
    "dps": [
      0.002,
      0.003,
      0.004,
      0.005,
      0.006,
      0.008,
      0.01
    ]
  },
  "sph_force": {
    "col": "max_sph_force_N",
    "unit": "N",
    "is_primary": true,
    "p": 4.0,
    "conv_type": "oscillatory",
    "phi_ext": 7.993093904055583,
    "e_a21": 0.01716436181981869,
    "e_a32": 0.9095867838710997,
    "e_ext": 0.004207297536643978,
    "GCI_fine": 0.005281342098405751,
    "GCI_med": 0.5262609249539936,
    "AR": 19.683022489858008,
    "in_asymptotic": "False",
    "values": [
      7.959464579762886,
      7.822845449823805,
      14.938402283249706,
      10.736957295864643,
      21.756788503943337,
      14.268174170176785,
      23.797225527845153
    ],
    "dps": [
      0.002,
      0.003,
      0.004,
      0.005,
      0.006,
      0.008,
      0.01
    ]
  },
  "rotation": {
    "col": "max_rotation_deg",
    "unit": "deg",
    "is_primary": false,
    "p": 4.0,
    "conv_type": "oscillatory",
    "phi_ext": 25.879191756483195,
    "e_a21": 0.31432523389478195,
    "e_a32": 0.008180293610259378,
    "e_ext": 0.07181580645729263,
    "GCI_fine": 0.09671545658300983,
    "GCI_med": 0.004732884160221498,
    "AR": 0.009666404226846111,
    "in_asymptotic": "False",
    "values": [
      24.020656730028435,
      16.47035818505598,
      16.605090550875875,
      15.721797356773742,
      12.821708075916959,
      24.52615980360727,
      23.041243383257324
    ],
    "dps": [
      0.002,
      0.003,
      0.004,
      0.005,
      0.006,
      0.008,
      0.01
    ]
  }
}