{
  "displacement": {
    "col": "max_displacement_m",
    "unit": "m",
    "is_primary": true,
    "p": 2.66001157480433,
    "conv_type": "oscillatory",
    "phi_ext": 0.0008598483683814671,
    "e_a21": 1.4392742859725616,
    "e_a32": 0.16039150592541435,
    "e_ext": 2.8721454110596993,
    "GCI_fine": 0.9271815447762563,
    "GCI_med": 0.17441364769678627,
    "AR": 0.0639750890641664,
    "in_asymptotic": "False",
    "values": [
      0.003329457913835468,
      0.008121461075446706,
      0.006818847703241174,
      0.005265203984652707
    ],
    "dps": [
      0.002,
      0.003,
      0.004,
      0.005
    ]
  },
  "velocity": {
    "col": "max_velocity_ms",
    "unit": "m/s",
    "is_primary": true,
    "p": 4.0,
    "conv_type": "monotonic",
    "phi_ext": 0.06236980631811122,
    "e_a21": 0.4325705187078754,
    "e_a32": 3.09620251873812e-05,
    "e_ext": 0.11916774718000744,
    "GCI_fine": 0.13309862114088472,
    "GCI_med": 1.79137431441277e-05,
    "AR": 2.6585678603887432e-05,
    "in_asymptotic": "False",
    "values": [
      0.06980227562909393,
      0.09999668220496118,
      0.09999977830475426,
      0.09999977830475426
    ],
    "dps": [
      0.002,
      0.003,
      0.004,
      0.005
    ]
  },
  "sph_force": {
    "col": "max_sph_force_N",
    "unit": "N",
    "is_primary": true,
    "p": 4.0,
    "conv_type": "divergent",
    "phi_ext": 7.907562720011448,
    "e_a21": 0.046708444617007544,
    "e_a32": 0.9683805307884398,
    "e_ext": 0.011631192499121869,
    "GCI_fine": 0.014371829112925397,
    "GCI_med": 0.5602773070990261,
    "AR": 7.7006245893922,
    "in_asymptotic": "False",
    "values": [
      7.999537104206781,
      8.37318304000032,
      16.481610476664592,
      10.101822005332751
    ],
    "dps": [
      0.002,
      0.003,
      0.004,
      0.005
    ]
  },
  "rotation": {
    "col": "max_rotation_deg",
    "unit": "deg",
    "is_primary": false,
    "p": 1.0060602574504653,
    "conv_type": "monotonic",
    "phi_ext": 11.96604283396667,
    "e_a21": 0.2584299853709974,
    "e_a32": 0.15444298282191488,
    "e_ext": 0.3390934052716145,
    "GCI_fine": 0.6413413937316147,
    "GCI_med": 0.575146780509637,
    "AR": 0.5963908948586493,
    "in_asymptotic": "False",
    "values": [
      7.908436621770911,
      5.864659461299195,
      4.958903960861383,
      3.6678839113608652
    ],
    "dps": [
      0.002,
      0.003,
      0.004,
      0.005
    ]
  }
}