{
  "displacement": {
    "col": "max_displacement_m",
    "unit": "m",
    "is_primary": true,
    "p": 0.6217023300230703,
    "conv_type": "monotonic",
    "phi_ext": -0.010820251458963873,
    "e_a21": 1.6567243630107358,
    "e_a32": 0.5481103932921999,
    "e_ext": 1.2092638544029075,
    "GCI_fine": 7.223320158737512,
    "GCI_med": 3.498377829833252,
    "AR": 0.37640336868171775,
    "in_asymptotic": "False",
    "values": [
      0.002264287525911465,
      0.006015587834950291,
      0.009312794049048669,
      0.004691297581692937
    ],
    "dps": [
      0.002,
      0.003,
      0.004,
      0.005
    ]
  },
  "velocity": {
    "col": "max_velocity_ms",
    "unit": "m/s",
    "is_primary": true,
    "p": 4.0,
    "conv_type": "monotonic",
    "phi_ext": 0.06239524681206036,
    "e_a21": 0.43214088401587325,
    "e_a32": 4.144966074136828e-05,
    "e_ext": 0.11903529932154591,
    "GCI_fine": 0.13296642585103793,
    "GCI_med": 2.3981589428934514e-05,
    "AR": 3.562631735348572e-05,
    "in_asymptotic": "False",
    "values": [
      0.0698224836925757,
      0.09999563351966925,
      0.09999977830475426,
      0.09999977830475426
    ],
    "dps": [
      0.002,
      0.003,
      0.004,
      0.005
    ]
  },
  "sph_force": {
    "col": "max_sph_force_N",
    "unit": "N",
    "is_primary": true,
    "p": 4.0,
    "conv_type": "oscillatory",
    "phi_ext": 8.5786233408559,
    "e_a21": 0.027457541120757056,
    "e_a32": 0.9727268648586891,
    "e_ext": 0.0067134049301726655,
    "GCI_fine": 0.008448474191002172,
    "GCI_med": 0.5627919718110989,
    "AR": 13.158445186904425,
    "in_asymptotic": "False",
    "values": [
      8.521031568625304,
      8.287064993938506,
      16.3481157443725,
      10.574655743526597
    ],
    "dps": [
      0.002,
      0.003,
      0.004,
      0.005
    ]
  },
  "rotation": {
    "col": "max_rotation_deg",
    "unit": "deg",
    "is_primary": false,
    "p": 4.0,
    "conv_type": "oscillatory",
    "phi_ext": 8.143009689974992,
    "e_a21": 0.2972420185944647,
    "e_a32": 0.0434316620866798,
    "e_ext": 0.06817880905033279,
    "GCI_fine": 0.09145908264445067,
    "GCI_med": 0.025128318778721893,
    "AR": 0.054271466328698725,
    "in_asymptotic": "False",
    "values": [
      7.587828987227177,
      5.332407382314178,
      5.564002697851365,
      3.6631801709872605
    ],
    "dps": [
      0.002,
      0.003,
      0.004,
      0.005
    ]
  }
}