{
  "displacement": {
    "col": "max_displacement_m",
    "unit": "m",
    "is_primary": true,
    "p": 4.0,
    "conv_type": "divergent",
    "phi_ext": 0.0015316910950562423,
    "e_a21": 0.9186502859209079,
    "e_a32": 1.7236873564267594,
    "e_ext": 0.2922055344461662,
    "GCI_fine": 0.28266162643720244,
    "GCI_med": 0.9972762562183396,
    "AR": 0.696921061473662,
    "in_asymptotic": "False",
    "values": [
      0.001979259710093585,
      0.0037975072086827905,
      0.010343222370228791,
      0.005324456216366173
    ],
    "dps": [
      0.002,
      0.003,
      0.004,
      0.005
    ]
  },
  "velocity": {
    "col": "max_velocity_ms",
    "unit": "m/s",
    "is_primary": true,
    "p": 4.0,
    "conv_type": "oscillatory",
    "phi_ext": 0.06246375341032784,
    "e_a21": 0.43106442156993974,
    "e_a32": 7.493548995208526e-06,
    "e_ext": 0.11870358492117251,
    "GCI_fine": 0.13263520663690453,
    "GCI_med": 4.335553347227792e-06,
    "AR": 6.45684973972903e-06,
    "in_asymptotic": "False",
    "values": [
      0.06987842486776587,
      0.10000052766360785,
      0.09999977830475426,
      0.09999977830475426
    ],
    "dps": [
      0.002,
      0.003,
      0.004,
      0.005
    ]
  },
  "sph_force": {
    "col": "max_sph_force_N",
    "unit": "N",
    "is_primary": true,
    "p": 4.0,
    "conv_type": "oscillatory",
    "phi_ext": 9.194402357270462,
    "e_a21": 0.08444547699309445,
    "e_a32": 0.998248858895462,
    "e_ext": 0.020363295698385922,
    "GCI_fine": 0.025983223690182907,
    "GCI_med": 0.577558268360946,
    "AR": 4.390740165042393,
    "in_asymptotic": "False",
    "values": [
      9.007174023299427,
      8.246558916542098,
      16.478676944794444,
      10.50636291273531
    ],
    "dps": [
      0.002,
      0.003,
      0.004,
      0.005
    ]
  },
  "rotation": {
    "col": "max_rotation_deg",
    "unit": "deg",
    "is_primary": false,
    "p": 2.427679439069326,
    "conv_type": "oscillatory",
    "phi_ext": 9.027643699071424,
    "e_a21": 0.35961242603127275,
    "e_a32": 0.17185471057097362,
    "e_ext": 0.1766568036868757,
    "GCI_fine": 0.268200436461267,
    "GCI_med": 0.2125792942546919,
    "AR": 0.29618860863688806,
    "in_asymptotic": "False",
    "values": [
      7.432849018369503,
      4.759904150549482,
      5.577916100687739,
      3.870077532629497
    ],
    "dps": [
      0.002,
      0.003,
      0.004,
      0.005
    ]
  }
}