{
  "displacement": {
    "col": "max_displacement_m",
    "unit": "m",
    "is_primary": true,
    "p": 2.318382199180768,
    "conv_type": "monotonic",
    "phi_ext": 1.6163613232765253,
    "e_a21": 0.12143720918117382,
    "e_a32": 0.025712225342224875,
    "e_ext": 0.0844132692591212,
    "GCI_fine": 0.0973029282885769,
    "GCI_med": 0.033892539275429484,
    "AR": 0.1360602790090481,
    "in_asymptotic": "False",
    "values": [
      1.752803666878296,
      1.9656592524265242,
      2.0162007260709442,
      2.7730259220861964,
      3.219807569596979,
      3.4364964975131285,
      3.7142335556135953
    ],
    "dps": [
      0.002,
      0.003,
      0.004,
      0.005,
      0.006,
      0.008,
      0.01
    ]
  },
  "velocity": {
    "col": "max_velocity_ms",
    "unit": "m/s",
    "is_primary": true,
    "p": 4.0,
    "conv_type": "monotonic",
    "phi_ext": 0.7882285065160811,
    "e_a21": 0.08960676122994189,
    "e_a32": 0.004134711839510456,
    "e_ext": 0.022554535408981308,
    "GCI_fine": 0.027571311147674426,
    "GCI_med": 0.0023922261357167646,
    "AR": 0.01713877491763426,
    "in_asymptotic": "False",
    "values": [
      0.8060066342766665,
      0.8782302783040449,
      0.8818615074335652,
      1.1481650122255946,
      1.2119232110930132,
      1.2528884393009618,
      1.3304249284533118
    ],
    "dps": [
      0.002,
      0.003,
      0.004,
      0.005,
      0.006,
      0.008,
      0.01
    ]
  },
  "sph_force": {
    "col": "max_sph_force_N",
    "unit": "N",
    "is_primary": true,
    "p": 1.98616092241362,
    "conv_type": "oscillatory",
    "phi_ext": 3.0379710122018295,
    "e_a21": 0.8442787480229204,
    "e_a32": 0.17510869880756602,
    "e_ext": 2.1475746683328936,
    "GCI_fine": 0.852868833398618,
    "GCI_med": 0.2840039959755539,
    "AR": 0.14883210663407678,
    "in_asymptotic": "False",
    "values": [
      9.562240601136118,
      17.635437124157257,
      14.547318676443435,
      18.37796563244171,
      29.680020521126668,
      40.615823672376756,
      82.3713951725118
    ],
    "dps": [
      0.002,
      0.003,
      0.004,
      0.005,
      0.006,
      0.008,
      0.01
    ]
  },
  "rotation": {
    "col": "max_rotation_deg",
    "unit": "deg",
    "is_primary": false,
    "p": 4.0,
    "conv_type": "oscillatory",
    "phi_ext": 191.11021682125025,
    "e_a21": 0.46360857620824325,
    "e_a32": 0.054303823390129784,
    "e_ext": 0.1024298397624019,
    "GCI_fine": 0.14264879267945946,
    "GCI_med": 0.03141864067571795,
    "AR": 0.04350651083694667,
    "in_asymptotic": "False",
    "values": [
      171.5348279352917,
      92.00981058608512,
      97.00629509031118,
      82.84848965495,
      68.61966003991435,
      104.86662681035195,
      68.02115872483215
    ],
    "dps": [
      0.002,
      0.003,
      0.004,
      0.005,
      0.006,
      0.008,
      0.01
    ]
  }
}