{
  "displacement": {
    "col": "max_displacement_m",
    "unit": "m",
    "is_primary": true,
    "p": 4.0,
    "conv_type": "oscillatory",
    "phi_ext": 0.001899925145636296,
    "e_a21": 0.20526678712067525,
    "e_a32": 2.535329386595002,
    "e_ext": 0.04809700186526876,
    "GCI_fine": 0.06315901142174624,
    "GCI_med": 1.4668691451013944,
    "AR": 4.587657776366137,
    "in_asymptotic": "False",
    "values": [
      0.001808544442362756,
      0.001437310335314,
      0.0050813654660923
    ],
    "dps": [
      0.002,
      0.003,
      0.004
    ]
  },
  "velocity": {
    "col": "max_velocity_ms",
    "unit": "m/s",
    "is_primary": true,
    "p": 4.0,
    "conv_type": "oscillatory",
    "phi_ext": 0.0626474051117135,
    "e_a21": 0.42911264151376116,
    "e_a32": 0.0010406499360321394,
    "e_ext": 0.11810264064235106,
    "GCI_fine": 0.13203465892731112,
    "GCI_med": 0.0006020903201328808,
    "AR": 0.0009007591054276979,
    "in_asymptotic": "False",
    "values": [
      0.07004622908479799,
      0.1001039514754537,
      0.0999997783047542
    ],
    "dps": [
      0.002,
      0.003,
      0.004
    ]
  },
  "sph_force": {
    "col": "max_sph_force_N",
    "unit": "N",
    "is_primary": true,
    "p": 4.0,
    "conv_type": "divergent",
    "phi_ext": 7.960702169990104,
    "e_a21": 0.04707321537182526,
    "e_a32": 0.9496934138234254,
    "e_ext": 0.011723091441246164,
    "GCI_fine": 0.014484066268253926,
    "GCI_med": 0.5494654751406963,
    "AR": 7.493502731973683,
    "in_asymptotic": "False",
    "values": [
      8.054026209465425,
      8.433155119833916,
      16.442066994891487
    ],
    "dps": [
      0.002,
      0.003,
      0.004
    ]
  },
  "rotation": {
    "col": "max_rotation_deg",
    "unit": "deg",
    "is_primary": false,
    "p": 4.0,
    "conv_type": "monotonic",
    "phi_ext": 8.063281088205564,
    "e_a21": 0.3374166111825505,
    "e_a32": 0.02808359898654951,
    "e_ext": 0.07668704682379525,
    "GCI_fine": 0.10382049574847708,
    "GCI_med": 0.016248367985075077,
    "AR": 0.03091445621360803,
    "in_asymptotic": "False",
    "values": [
      7.444931873840921,
      4.932888190484562,
      4.794354936697507
    ],
    "dps": [
      0.002,
      0.003,
      0.004
    ]
  }
}