{
  "displacement": {
    "col": "max_displacement_m",
    "unit": "m",
    "is_primary": true,
    "p": 4.0,
    "conv_type": "divergent",
    "phi_ext": 0.0017278066096648168,
    "e_a21": 0.25824502378578085,
    "e_a32": 1.1622859582874328,
    "e_ext": 0.06788320588405244,
    "GCI_fine": 0.0794600073187018,
    "GCI_med": 0.6724654472948719,
    "AR": 1.6716922818086821,
    "in_asymptotic": "False",
    "values": [
      0.0018450956614765202,
      0.0023215824344615652,
      0.005019925099042997
    ],
    "dps": [
      0.002,
      0.003,
      0.004
    ]
  },
  "velocity": {
    "col": "max_velocity_ms",
    "unit": "m/s",
    "is_primary": true,
    "p": 4.0,
    "conv_type": "oscillatory",
    "phi_ext": 0.062494285101407775,
    "e_a21": 0.43135028686256605,
    "e_a32": 0.0007743246398614205,
    "e_ext": 0.11879165579484327,
    "GCI_fine": 0.13272316518848185,
    "GCI_med": 0.00044800211306267914,
    "AR": 0.0006667580932832572,
    "in_asymptotic": "False",
    "values": [
      0.06991808470631901,
      0.1000772706012709,
      0.09999977830475426
    ],
    "dps": [
      0.002,
      0.003,
      0.004
    ]
  },
  "sph_force": {
    "col": "max_sph_force_N",
    "unit": "N",
    "is_primary": true,
    "p": 4.0,
    "conv_type": "divergent",
    "phi_ext": 7.959949898927811,
    "e_a21": 0.04263900353012674,
    "e_a32": 0.9651880406098682,
    "e_ext": 0.010607084067725512,
    "GCI_fine": 0.01311969339388515,
    "GCI_med": 0.5584302234957096,
    "AR": 8.407757813344936,
    "in_asymptotic": "False",
    "values": [
      8.044381756680622,
      8.387386178801414,
      16.48279101055704
    ],
    "dps": [
      0.002,
      0.003,
      0.004
    ]
  },
  "rotation": {
    "col": "max_rotation_deg",
    "unit": "deg",
    "is_primary": false,
    "p": 4.0,
    "conv_type": "oscillatory",
    "phi_ext": 7.574642008303588,
    "e_a21": 0.3086134970043054,
    "e_a32": 0.005194731778270327,
    "e_ext": 0.07060294755919982,
    "GCI_fine": 0.09495799907824783,
    "GCI_med": 0.0030055233859992616,
    "AR": 0.006252065519126122,
    "in_asymptotic": "False",
    "values": [
      7.039849955811618,
      4.86725724256299,
      4.892541338433948
    ],
    "dps": [
      0.002,
      0.003,
      0.004
    ]
  }
}