dp;case_name;status;max_displacement_m;max_rotation_deg;max_velocity_ms;max_sph_force_N;max_contact_force_N;max_flow_velocity_ms;max_water_height_m;sim_time_s;n_timesteps;n_particles;mem_gpu_mb;mem_gpu_cells_mb;tiempo_min
0.004;scout_fix3_f0695_dp0004_dp0004;OK;0.007712292655235614;5.137121811810436;0.09999977830475426;16.48857894585522;2879.8687255993113;0.0;0.12546;9.999009;9500;8152043;1557.2743377685547;119.73717498779297;89.63231107393901
